id,name,record_type,record_id,blob_id,created_at
38,icon,Category,47,38,2021-10-08 03:13:46.164491
41,icon,Category,33,41,2021-10-08 03:14:30.18842
42,icon,Category,35,42,2021-10-08 03:14:43.804867
43,icon,Category,34,43,2021-10-08 03:14:57.989109
44,icon,Category,41,44,2021-10-08 03:45:21.534536
45,icon,Category,38,45,2021-10-08 03:47:26.401422
46,icon,Category,40,46,2021-10-08 03:48:03.538142
47,icon,Category,36,47,2021-10-08 03:50:04.319511
48,icon,Category,48,48,2021-10-08 03:50:28.061256
49,icon,Category,46,49,2021-10-08 03:50:45.510221
50,icon,Category,43,50,2021-10-08 03:52:59.00497
51,icon,Category,44,51,2021-10-08 03:53:22.554384
52,icon,Category,45,52,2021-10-08 03:53:44.624041
53,icon,Category,42,53,2021-10-08 03:53:50.052598
54,icon,Category,39,54,2021-10-08 03:55:25.408619
57,icon,Category,49,57,2022-02-03 16:45:03.920751
59,icon,Category,50,59,2022-03-22 21:09:39.648479
61,icon,Category,37,61,2022-04-17 17:15:12.018198
63,icon,Category,31,63,2022-04-19 01:45:29.082506
66,icon,Category,32,66,2022-04-30 23:17:04.432377
